id,name/first,age,city,state,zip
1,Nathan,45,Tasvatov,WY,23196
2,Maude,59,Sozpisez,IN,45600
3,Robert,36,Bewhumta,MT,42664
4,Martha,62,Iwdezav,WV,90464
5,Victoria,55,Muvbirco,NM,22751
6,Chase,59,Vokzepo,NH,41664
7,Ophelia,46,Jivuduhu,NE,08591
8,Carolyn,38,Arfohof,IL,45368
9,Polly,52,Darsimi,IA,22715
10,Essie,39,Carajemo,KS,66746
11,Norman,62,Iboluuru,NH,06155
12,Ada,19,Fecdobok,WI,33857
13,Gene,21,Korabbi,KY,77102
14,Cornelia,54,Movokvid,LA,72151
15,Curtis,60,Sunbeso,AR,73361
16,Cody,37,Ravzahmu,PA,22678
17,Beatrice,20,Niakha,ME,45072
18,Rosetta,26,Cihida,ID,59011
19,Jay,54,Dinejtav,WI,44921
20,Francis,46,Nofihpah,MT,96764
21,Flora,51,Gipwulun,IN,74390
22,Mildred,28,Hugafzo,AL,92098
23,Leon,45,Fisophus,ID,16523
24,Mabelle,50,Cizetok,IL,36816
25,Ernest,40,Nipapiop,RI,83765
26,Herbert,20,Epniaj,IN,22793
27,Lela,65,Ubzemuk,ID,60996
28,Josie,53,Zejvileh,LA,94663
29,Lulu,63,Seduzwiw,PA,23245
30,Matilda,22,Cerilame,OK,99017
31,Nina,62,Japivuh,WV,61709
32,Florence,37,Icadupju,GA,56830
33,Clara,33,Namzukej,MN,39545
34,Gary,25,Tauveno,IN,93704
35,Ruth,60,Ijjuen,OR,22925
36,Amelia,60,Jodfuzeve,FL,27948
37,Isabella,54,Zigatpah,OK,80897
38,Scott,63,Hikituh,RI,71177
39,Alexander,40,Beocejut,NV,97191
40,Keith,39,Zusgandik,GA,73503
41,Duane,64,Peikivi,NH,48409
42,Emilie,34,Dipteci,DC,34052
43,Jeremiah,46,Weibjap,WV,99533
44,Virgie,31,Kafadme,WV,01703
45,Tom,41,Tadhaljig,VA,16050
46,William,21,Wuclufim,MN,60315
47,Ricky,54,Webapos,WI,33272
48,Georgie,61,Gafakli,VA,39155
49,Edwin,21,Adbalin,NY,05678
50,Rosetta,47,Mudjabuh,WI,88933
51,Hettie,36,Zuspiti,ID,41756
52,Alejandro,58,Irwamuw,AK,10312
53,Joseph,18,Gisujivoh,OK,66894
54,Josephine,20,Etamaloza,WV,23857
55,Cole,25,Natnatgo,ME,94761
56,Erik,54,Laculje,WV,71900
57,Randy,22,Ticuvuwa,MS,56742
58,Johanna,47,Miwmikcis,WA,23113
59,Vera,61,Jahalsa,RI,71116
60,Lucy,33,Azizimcuv,NY,66263
61,Timothy,29,Evwazcom,NC,21391
62,Georgia,30,Peodomip,RI,26968
63,Shawn,25,Zevdita,AK,30864
64,Inez,37,Cemomrol,MN,00782
65,Lee,32,Bonetdec,ND,77840
66,Emily,21,Cotfuniw,NY,58002
67,Jane,41,Sokenve,TX,13195
68,Olga,59,Bosiloz,MA,02239
69,Derrick,22,Inarati,MT,56015
70,Stanley,20,Vozera,MI,80524
71,Julian,28,Ingalaw,IA,35087
72,Martha,53,Obefikud,CA,76396
73,Glenn,27,Ineluwam,CA,64474
74,Georgie,41,Hetadu,DE,35252
75,Tommy,28,Ruummo,MD,83142
76,Charlotte,63,Moppobu,NM,20968
77,Brian,40,Tialesi,VA,59534
78,Lillian,60,Ofojijap,OH,01891
79,Ada,58,Rarasa,NJ,93147
80,Gregory,65,Zowivsi,AL,05695
81,Linnie,30,Iretabav,SD,15691
82,Daisy,57,Cekuel,CO,03855
83,Dollie,22,Lobviwu,SD,91427
84,Jeremiah,65,Rotcuzib,IA,98756
85,Iva,38,Lutike,IN,61817
86,Adeline,60,Wufcufur,OH,13841
87,Zachary,25,Ilatorji,IL,94813
88,William,54,Dogirhuk,SC,95812
89,Willie,62,Lomatbaz,MN,86361
90,Francis,31,Nodlocbuf,DC,24550
91,Sylvia,34,Ripukok,OK,44157
92,Alejandro,61,Itkepet,MN,88926
93,Nina,34,Fivahfof,RI,94482
94,Robert,34,Welrikgib,NY,88328
95,Luis,41,Ruldecon,LA,30813
96,Jayden,42,Etofalse,CO,00504
97,Lucille,51,Usfadaj,WV,88156
98,Kathryn,60,Fasopca,MA,87327
99,Francis,38,Pudimeg,NV,53903
100,Addie,39,Pipinogi,WV,38670
101,Hunter,39,Lacagu,LA,38219
102,Alice,29,Butgabe,AZ,07217
103,Caroline,21,Cutweluba,MN,69691
104,Nell,19,Luujerog,AK,58171
105,Jean,44,Sabserjel,DE,88043
106,Lloyd,38,Dozasju,ID,95945
107,Bertha,41,Jivfeuwu,OH,03803
108,Jeff,64,Winutiju,NE,52076
109,Chad,42,Tizzuad,MS,09004
110,Frances,37,Momiim,OK,16030
111,William,22,Guteago,HI,41918
112,Harvey,42,Behludap,TN,46888
113,Michael,31,Ribiuge,OH,72804
114,Landon,32,Ozcohwuv,CT,14738
115,Cecilia,36,Dogezwod,MT,54860
116,Ethan,60,Jirizku,OH,04438
117,Russell,45,Dotusi,VA,03732
118,Todd,21,Cusije,CT,23695
119,John,42,Egalouvu,VA,52859
120,David,46,Hapkictov,OR,94258
121,Maria,32,Zijeja,LA,84976
122,Francis,29,Tuvujipu,SC,75257
123,Florence,37,Modamaj,MD,35355
124,Birdie,42,Manubap,OH,27630
125,Curtis,31,Venfivne,AR,49084
126,Walter,24,Huifihi,NE,50933
127,Stella,48,Vigaktin,OR,05906
128,Harold,59,Vusicet,PA,51438
129,Brian,32,Nodepaza,NY,57465
130,Lawrence,36,Hedizim,VA,15094
131,Dean,38,Lipina,MO,97934
132,Polly,21,Dizofzet,IA,73452
133,Jim,63,Nuapizo,AL,52956
134,Nettie,45,Berwibfem,SC,84527
135,Edwin,43,Gasijegu,ID,76903
136,Barbara,25,Lutusora,DC,07856
137,Ryan,51,Uzwebige,OK,75925
138,Devin,26,Epigeiho,DC,85958
139,Ricky,54,Pakaliw,KS,74408
140,Don,59,Silissa,KY,57214
141,Katherine,60,Cedompa,VA,08166
142,Douglas,23,Cizriidu,OR,26286
143,Theodore,52,Naznuztuw,AL,80568
144,Helen,25,Mowocted,DC,17903
145,Essie,19,Babizu,WV,96866
146,Alma,24,Havefgo,NJ,53532
147,Emilie,53,Zesupok,HI,02783
148,Amanda,64,Befijrar,CT,99296
149,Verna,19,Hidhizan,PA,20025
150,Angel,39,Gupium,NY,22880
151,Chase,65,Iwutefok,MS,25089
152,Maude,25,Kajoac,HI,77340
153,Harvey,31,Naksukem,MD,69320
154,Henrietta,32,Habipur,MO,79886
155,Bruce,28,Cuafipi,NC,85976
156,Dean,65,Riateabe,AL,73767
157,Alberta,60,Fiwetov,IA,36211
158,Billy,22,Robueb,KY,64704
159,Madge,52,Codmiowe,MD,87090
160,Walter,41,Turnagziz,AK,56739
161,Lydia,24,Beruzosi,KS,04373
162,Sally,46,Bijnebu,TN,72881
163,Rebecca,40,Teriggu,AZ,35236
164,Bess,43,Uwuluhufo,TN,49630
165,Sara,51,Cocbomegi,ND,32308
166,Minnie,61,Duzohu,KY,97437
167,Gordon,61,Kacirzo,CO,19605
168,Marguerite,60,Sikolgil,TX,91375
169,Josie,58,Pacuhega,NY,26467
170,Nora,24,Itzoro,NJ,76597
171,Blanche,57,Hezehe,VT,92607
172,Lewis,54,Egoviruvi,GA,12254
173,Kenneth,61,Decahun,IN,35596
174,Christopher,30,Levulpeh,MA,03204
175,Frederick,59,Cuijucog,RI,04302
176,Jeff,39,Mohnatoc,ME,57216
177,Tyler,61,Tujubo,CT,58216
178,Howard,51,Lapkaveka,SC,15222
179,Anthony,53,Utomhuh,IL,33817
180,Edna,33,Toksato,PA,29900
181,Elmer,47,Gonuhwij,NJ,71231
182,Derek,28,Camejhiz,SC,42171
183,Erik,46,Rarheuh,AK,81578
184,Mary,21,Zibancob,TN,92557
185,Glenn,43,Tedhuhi,NY,57294
186,Laura,40,Nebabepa,FL,82882
187,Daisy,28,Udubuscom,NM,90897
188,Clayton,59,Udopilum,UT,26622
189,Russell,49,Huzajji,MS,45946
190,Eric,19,Awizijwo,KY,96184
191,Brent,44,Vivpolpo,MI,89376
192,Allen,58,Acanovhu,NE,31569
193,Milton,32,Hugloadi,MI,15250
194,Rosalie,44,Zofmejbu,OK,28767
195,Tyler,60,Bozawa,CA,76049
196,Devin,41,Tiudesi,WI,98301
197,Mathilda,24,Zafiwis,GA,72386
198,Kevin,29,Ujimola,WA,13999
199,Lulu,47,Miwjuvof,ID,42939
200,Willie,40,Cubhebzib,CO,84914
201,Helen,49,Pulezi,SD,97969
202,Georgie,65,Ojwejok,CT,74755
203,Mary,18,Riftigij,NH,16940
204,Charles,57,Besjitah,CO,04377
205,Matthew,42,Kekpapep,OH,98138
206,Clarence,53,Neetlad,IL,97508
207,Harry,28,Puhhaawu,SC,20544
208,Jerry,25,Numpeha,VA,56113
209,Peter,46,Nodovku,RI,07324
210,Jeffery,65,Zejlawot,IN,72874
211,Tyler,59,Mudfazac,MN,48130
212,Minnie,20,Jorazufi,VT,31154
213,Maggie,45,Capgive,CA,29257
214,Leila,26,Neradhob,WV,51721
215,Georgia,42,Umjotunu,WA,20679
216,Mamie,58,Uvepufvuk,NC,22523
217,Jean,30,Jeodbi,MT,69782
218,Jeremy,57,Caliwwu,ME,78809
219,Betty,35,Furuwafe,PA,86626
220,Rosa,50,Dozfortat,VA,89215
221,Georgie,56,Inaolahuz,CT,04387
222,Ethan,18,Emlijuh,FL,61056
223,Gene,28,Macupez,CA,69387
224,Olga,40,Culojhe,MO,03921
225,Willie,58,Somcika,TX,49452
226,Katie,65,Coguhum,OH,68362
227,Hester,62,Lealebo,HI,31922
228,Ophelia,49,Viarco,DC,69627
229,Adam,59,Napuzek,ID,62420
230,Gary,65,Norbene,KY,99891
231,Devin,22,Bofmuhap,IN,14160
232,Marc,22,Disuuto,ID,35487
233,Glen,49,Iwopogaw,MA,64845
234,Katharine,52,Wamosode,NJ,76308
235,James,35,Zobemdu,NC,17555
236,Tommy,29,Netmome,CO,78229
237,Ricardo,48,Komofme,SD,47115
238,Ola,21,Bejoju,ND,32203
239,Harriett,65,Ezozuul,MN,49771
240,Myrtle,62,Lecusrel,ID,14253
241,Elijah,39,Sezaven,OH,35130
242,Stephen,26,Petfolpip,CA,98245
243,Mario,36,Bosodaevi,RI,46369
244,Roy,40,Cadjunfa,DC,36780
245,Justin,51,Sobhalza,AK,64763
246,Philip,50,Hohoba,SD,02049
247,Marvin,40,Ubiniepo,WA,01864
248,Lina,32,Ligawjo,MN,68187
249,Lettie,51,Nundigis,VT,44871
250,Nicholas,45,Lelnolo,MO,89116
251,Leona,19,Buoluedi,WY,94085
252,Virginia,58,Wezepdik,WY,51210
253,Bertie,37,Jaguhze,MS,14887
254,Phillip,28,Ovurci,AR,70759
255,Don,38,Taahza,VT,54477
256,Robert,63,Wijazu,OR,05601
257,Shane,52,Adamumteb,CO,60192
258,Fannie,27,Ivdipemi,MN,61726
259,Frank,64,Upaheiv,AK,92224
260,Mabel,58,Zunkucro,NM,45025
261,Mason,31,Kadbozgo,ME,60348
262,Hannah,41,Sasokjif,ND,20950
263,Teresa,60,Guknozmul,OK,58596
264,Hunter,32,Fopfigwec,PA,80551
265,Max,41,Waufiuge,NJ,28207
266,Owen,52,Fifmildap,CA,60195
267,Devin,40,Udfahcaz,AR,78854
268,Noah,47,Fiwigmar,LA,86610
269,Todd,29,Dirobito,RI,49350
270,Don,23,Ezubuzep,ND,79139
271,Bernice,21,Putvezi,OR,45835
272,Rachel,25,Jektadid,PA,08213
273,Tom,48,Pupbissa,KS,04255
274,Andre,34,Paitawu,WY,19076
275,Lewis,49,Viwudon,NC,81265
276,Danny,27,Sahmubum,MO,87861
277,Vincent,60,Jazebo,KY,06650
278,Cameron,38,Palohu,MT,79934
279,Francisco,27,Wevufpup,MT,00756
280,Georgie,25,Wujietu,GA,38730
281,Lillie,55,Gerujonu,NV,45786
282,Charlie,28,Libhugzon,LA,01744
283,Mamie,36,Ivatoka,DC,65775
284,Jerome,47,Sajtifmu,AL,75184
285,Susan,62,Cafibitil,UT,04666
286,Ronald,57,Cenvunpa,AK,56705
287,Mark,54,Baggijna,WV,18605
288,Margaret,41,Lazmupre,KY,46689
289,Katharine,18,Puvupi,OK,86881
290,Charlotte,44,Wanbusse,DC,21693
291,Jeff,20,Leduptik,DC,29922
292,Clyde,61,Lispahes,KY,98036
293,Virginia,45,Gedweruv,NM,67086
294,Maurice,42,Eglakur,OR,73168
295,Antonio,43,Cecijki,PA,56763
296,Jeff,48,Epepowav,AL,24231
297,Georgie,41,Safmitet,AR,08060
298,Dylan,33,Hasickig,SD,81839
299,Lee,36,Howhepi,IN,11239
300,Frank,62,Leromew,WI,03363
301,Phoebe,27,Sigacgez,NV,58535
302,Jeffery,35,Oramili,NV,92972
303,Lida,57,Nejacvo,VA,30444
304,Harvey,26,Bivejuso,DC,00484
305,Hettie,50,Hupnovaw,WI,75943
306,Marc,41,Bujzenu,MD,45102
307,Estelle,41,Ecamana,IL,73951
308,Fannie,53,Orupme,KS,83955
309,Frances,43,Adrahmes,NM,54817
310,Bertha,44,Ufcohew,NE,98936
311,Lola,65,Ajolef,DE,11769
312,Bruce,57,Kinuvacig,NV,76027
313,Peter,29,Jionmi,MO,98554
314,Jeanette,21,Tuenibi,VT,74309
315,Millie,29,Gigradcu,VT,00768
316,Maud,50,Tuwmiva,DC,15209
317,Lora,49,Beverne,IN,12138
318,Cecelia,37,Rammefag,NJ,09925
319,Leon,41,Ifeguvo,MT,92456
320,Rachel,54,Boloib,OR,87172
321,Arthur,32,Tecmera,OR,20225
322,David,48,Ewulaoda,VT,74122
323,Jim,46,Tatpiduv,HI,76801
324,Brian,29,Ugimeatu,LA,69169
325,Sophie,36,Zavhoctec,WI,26544
326,Ola,43,Sanrarmu,PA,45707
327,Etta,62,Bucwiena,IA,69362
328,Ralph,20,Wimheoh,GA,50922
329,Ethan,54,Siparo,NJ,82140
330,Eva,47,Huhjihomu,CT,31866
331,Annie,55,Comricfu,MD,10265
332,Leona,39,Elhurev,DE,10203
333,Carolyn,42,Nuvseduk,NJ,95150
334,Stanley,36,Dughirfa,ND,43712
335,Winifred,29,Peehden,NC,81398
336,David,61,Kerbehzop,NM,77353
337,Maria,41,Kobagzig,DE,39083
338,Gene,21,Igtena,VA,34874
339,Mamie,28,Ikuwele,AZ,47802
340,Jane,43,Soppansos,NJ,70430
341,Owen,55,Supubigu,IN,40459
342,John,23,Tawijovuv,MI,16202
343,Angel,30,Uzupvim,ME,76383
344,Bernard,43,Toepgu,NC,61172
345,Jon,31,Ozniamo,NJ,90931
346,Jay,55,Dughurzu,HI,18584
347,Lois,57,Adifimus,OH,00376
348,Rhoda,59,Uhonekujo,RI,53463
349,Robert,46,Ozodavmer,MT,54274
350,Betty,58,Debizha,WV,18467
351,Lily,58,Civkoaw,AR,98400
352,Gilbert,23,Muwsakvop,ND,32924
353,Brian,31,Zedbosro,ME,59316
354,Jesus,53,Tififnem,CA,73420
355,Elijah,54,Gabzutoj,AZ,82931
356,Ernest,20,Pomihad,ND,66229
357,Lulu,34,Hetofre,AL,94336
358,Lois,36,Juppevac,SC,91883
359,Adrian,55,Evmularo,DE,36207
360,Mattie,30,Suglevvik,GA,70825
361,Betty,55,Kuddeno,FL,45223
362,Mabelle,40,Nokjewec,NE,74550
363,Esther,44,Olofojika,NM,32381
364,Don,34,Volusagu,AL,94360
365,Evelyn,34,Evazaskag,NH,11926
366,Dylan,26,Ipifisuko,AZ,55411
367,Violet,30,Macsoer,MT,38399
368,Hunter,39,Naglevo,KS,61326
369,Lena,46,Hubcadsoz,MO,48452
370,Ricardo,50,Reguzih,LA,99775
371,Dylan,32,Owruwel,RI,12074
372,Ricardo,59,Revobipi,ID,82712
373,Harold,49,Lotguaz,MT,87532
374,Alta,64,Ciwhoore,TX,34990
375,Sylvia,18,Kopegla,DC,05632
376,James,51,Nekajum,OH,90609
377,Mollie,41,Uwamogom,MD,15513
378,Manuel,34,Peroceb,UT,78606
379,Gary,49,Pukcumki,DE,02785
380,May,46,Jifume,CO,13803
381,Lucille,23,Zueghe,NH,60744
382,Lula,56,Ileanlu,RI,07832
383,Cecilia,33,Jeulmo,WV,38534
384,Johanna,25,Zuzpaab,NJ,98747
385,Ernest,46,Honifsu,KS,64126
386,Dora,27,Aprahhu,CT,58053
387,Mollie,60,Olvahti,OK,12658
388,Vera,65,Acvaila,GA,51511
389,Bettie,29,Dezmagha,NE,07171
390,Louise,24,Kimizlen,CA,73569
391,Justin,23,Rehuger,DE,46751
392,Aiden,52,Oglaoje,FL,12631
393,Hulda,30,Teconfik,IN,15105
394,Alta,59,Nazocjuz,KS,42703
395,Eddie,21,Sofubka,OR,44681
396,Ina,42,Unogadad,NE,19139
397,Christina,53,Zervike,MT,88049
398,Madge,25,Japzomuje,KY,13150
399,Erik,45,Wenosu,KS,33153
400,Mattie,49,Jomuwi,FL,53363
401,Hettie,26,Zitonbiv,AL,14419
402,Georgia,23,Kisuzamu,TX,10223
403,Mina,60,Dupeanu,TX,67344
404,Owen,51,Fonalebu,AZ,49196
405,Lou,58,Joseto,KS,31852
406,Howard,45,Revojeku,MS,68837
407,Theodore,43,Jawawe,HI,95132
408,Nelle,36,Nobpuvsen,TX,42372
409,Miguel,36,Bacbegcog,NE,82997
410,Charlotte,28,Johsikvo,MD,88261
411,Marcus,48,Celiplal,PA,35785
412,Juan,57,Mezwujow,NY,58026
413,Lucas,44,Apesoswa,DC,83038
414,Georgie,28,Ewsear,MD,56617
415,Rosa,49,Vovjawan,NM,60124
416,Leah,25,Kihsoih,TN,03091
417,Mable,50,Puulmik,OK,08922
418,Brent,31,Releje,KY,34210
419,Lula,47,Ciproga,AR,59993
420,Wayne,21,Bepuim,UT,28348
421,Clara,20,Kezrujut,FL,36894
422,Ronald,19,Subvatep,WY,95492
423,Susie,22,Gophowwef,NE,31610
424,Lenora,63,Tesejunag,NY,81950
425,Ronnie,61,Jahuvo,VA,86568
426,Jeanette,64,Olneskez,AZ,90564
427,Mae,48,Sitnubohi,RI,43371
428,Elsie,39,Lezvobjuk,ID,52978
429,Susie,41,Refjagat,PA,64008
430,Mason,35,Jiahud,NM,98048
431,Louise,41,Otehovkaz,VT,62279
432,Philip,65,Zevvaoli,GA,94327
433,William,41,Vuritpa,HI,88319
434,Leon,35,Codhewahi,FL,44440
435,Dean,36,Jogkahsus,DE,29269
436,Marcus,50,Zuzlaunu,SD,37297
437,Ricardo,32,Kephumkif,MN,40091
438,Sally,29,Ojetubwo,ND,77214
439,Herbert,21,Muwifi,PA,56951
440,Mattie,40,Cajkimbuv,SC,62000
441,Isabel,42,Kusbahjuk,SD,32941
442,Max,57,Lalcictas,UT,60333
443,Iva,26,Cazudoz,WY,47741
444,Daniel,39,Kirebni,NY,48835
445,Beatrice,40,Nogadiob,OK,25934
446,Chad,46,Ponoraule,UT,26535
447,Herbert,25,Tiggazro,HI,82897
448,Stephen,50,Sopilaj,NC,04626
449,Stanley,50,Refuhpe,HI,97890
450,Alfred,45,Pabdoche,PA,48330
451,Gabriel,27,Kajbipseb,IL,53754
452,Johanna,54,Litwepu,NM,57912
453,Dominic,24,Gulvari,ID,50632
454,Lottie,29,Iwovpe,NE,96595
455,Pearl,45,Getofmo,NM,73845
456,Matilda,60,Wanifip,ME,31778
457,Eliza,30,Mecnafa,GA,87292
458,Maude,38,Balebrop,AL,03119
459,George,53,Kuarijih,OR,21311
460,Roxie,36,Zijufefez,PA,51078
461,Lena,64,Kihome,GA,49631
462,Vincent,34,Astabe,LA,29963
463,Carl,58,Gauwfas,DE,66708
464,Harriet,64,Hadsupog,NY,39654
465,Edgar,39,Ekojgar,AL,15572
466,Nathaniel,26,Sucucas,SC,49273
467,Ruby,46,Ducsidzev,FL,59976
468,Howard,55,Jeivcir,AK,46272
469,Arthur,27,Cenfepwar,NJ,63868
470,Arthur,34,Ewwimic,ME,04696
471,Lucinda,31,Duzmanul,NV,63232
472,Francis,30,Kojlipjum,TX,36958
473,Laura,33,Zehututan,MA,99418
474,Bruce,18,Fukwaan,DC,40770
475,Lina,57,Emusamme,NY,45092
476,Mark,29,Cazzizce,MA,32334
477,Hunter,31,Udatizak,MS,47626
478,Gary,36,Davupa,MA,75201
479,Gavin,23,Ipsepod,GA,02935
480,Inez,45,Pairdu,NC,09529
481,Bertha,27,Fesobsev,MI,98699
482,Andrew,58,Woinlas,AL,71188
483,Leah,35,Totmekta,ME,03691
484,Eugenia,31,Azabejid,SC,75242
485,Beatrice,43,Wokheju,NC,49471
486,Mabelle,59,Midejig,MD,37119
487,Stephen,46,Faceci,NV,51070
488,Elva,34,Jaluus,MD,23087
489,Jim,38,Obviro,TN,52406
490,Maude,29,Isoecwa,MD,09953
491,Garrett,31,Ojcucun,AK,84719
492,Linnie,19,Hokifpul,MD,57192
493,Hulda,47,Gafgojju,NY,02227
494,Myrtle,56,Zucbonhet,NY,34838
495,Gavin,53,Hesvulaz,WV,16022
496,Ricardo,44,Nepwejwis,IL,82484
497,Susie,60,Gaguhdeh,SC,63845
498,Danny,39,Ehunuba,UT,60869
499,Janie,57,Iduwhem,OR,72582
500,Daisy,29,Efoerodes,IN,50091
501,Olive,42,Wewzopan,MD,59058
502,Shane,45,Areviow,NH,89388
503,Timothy,39,Rajohsil,ND,84380
504,Joseph,21,Wijdazkih,DC,95943
505,Bessie,18,Rejpawsu,NE,67712
506,Nannie,50,Onamuzu,TX,93529
507,Ora,42,Guesaji,MS,17293
508,Alvin,28,Bafzigme,SC,05730
509,Allen,64,Feglelu,IL,85480
510,Maurice,25,Lapduucu,NJ,64726
511,Bertha,41,Tiicpu,IN,71249
512,Glenn,62,Kajare,ND,98595
513,Gertrude,39,Opudijih,MA,98960
514,Myrtle,59,Mutzedip,PA,83975
515,Logan,48,Vippeftu,SC,59704
516,Calvin,57,Fismasiz,OH,77664
517,Emilie,36,Cokhospo,VA,89418
518,James,30,Taalebu,FL,26704
519,Francis,20,Cebnobfih,HI,18999
520,Virginia,61,Lufowutov,RI,20257
521,Verna,59,Bojfavsog,NC,13222
522,Rebecca,63,Muhawbi,MN,01378
523,Hallie,44,Tacenuv,PA,00193
524,Katharine,50,Sunefab,IN,17297
525,Scott,20,Vuguza,ME,79703
526,Ada,29,Ibpajkut,NV,33752
527,Eric,29,Cufhumad,NE,11432
528,Louise,39,Ocledju,IL,52715
529,Hunter,21,Duvicor,ID,75069
530,Garrett,26,Bawenuf,WY,67413
531,Ricardo,47,Doinwed,HI,93815
532,Lydia,25,Ubtipe,TN,48624
533,Henry,48,Ubitiiko,HI,32926
534,Mitchell,61,Mevnaowi,OH,11125
535,Mae,33,Budagihe,NJ,88310
536,Matilda,41,Curbutvi,PA,20387
537,Effie,33,Bikovzi,RI,90592
538,Abbie,27,Arufidhu,MO,93458
539,Barry,48,Buukili,ID,47922
540,Alma,19,Maruimi,LA,47499
541,Louisa,33,Iguaswu,SC,77828
542,Darrell,27,Picvekitu,MN,32926
543,Leroy,65,Vufguzan,NV,02853
544,Leila,27,Pepebe,NY,84213
545,Marvin,25,Idbufeg,MN,82595
546,Richard,36,Ubtintir,KY,81315
547,Cody,63,Rakozama,CA,43690
548,Philip,22,Seugufev,GA,51773
549,Stella,42,Degoava,DC,88377
550,Ricky,48,Letepzo,VT,74604
551,Glen,42,Nufwuef,MD,81897
552,Emily,37,Addami,PA,16137
553,Devin,57,Agupukvew,OR,81700
554,Luis,46,Pafdezu,AK,95523
555,Seth,37,Huwbankun,GA,54455
556,Douglas,34,Topebob,NV,80545
557,Luella,25,Kapmebse,OR,57301
558,Eric,53,Fughugo,WV,40470
559,Mable,57,Cudewam,WA,21107
560,Elijah,45,Musanih,AK,82745
561,Alma,50,Fapneto,FL,62910
562,Emma,36,Tawobmub,WA,00045
563,Lottie,51,Panjarni,IN,38740
564,Blake,53,Bekobac,CT,43555
565,Cecelia,22,Catina,MS,49679
566,Edna,25,Zavwobu,OR,72366
567,Jorge,24,Mukuzpum,WY,93718
568,Abbie,35,Jabgeku,IN,10346
569,Hunter,18,Wesetlo,IA,37136
570,Cecelia,30,Emawapaz,SC,38414
571,Eleanor,37,Falakew,OR,64798
572,Jeremiah,36,Viszopvi,AR,41360
573,Nora,51,Zabafuvi,MS,73902
574,Christopher,63,Jisjafol,WA,20166
575,Micheal,34,Vadehab,NV,86577
576,Jessie,57,Lezziiz,ME,42535
577,Wayne,49,Cisudkuf,WI,08665
578,Nell,20,Otwinon,NJ,80383
579,Jennie,61,Nurobja,CA,19883
580,Elsie,56,Cozodbo,WI,10327
581,Josie,23,Veenodu,NC,75776
582,Maria,22,Daepeeme,HI,23101
583,Brian,21,Gokuliiw,MN,92007
584,Brett,41,Selzuwe,LA,87636
585,Janie,59,Wudavwuw,TN,10872
586,Garrett,43,Zabavgo,NE,49602
587,Michael,18,Hihobhev,MI,10855
588,Jonathan,43,Mocusgep,DC,70244
589,Eugenia,54,Hetihse,PA,85826
590,Matthew,34,Cemjacipi,NJ,98764
591,Gilbert,32,Zecfacke,NM,89183
592,Owen,20,Ibuveku,ME,95530
593,Vernon,33,Forupjot,OH,35159
594,Francis,65,Ifpuhgig,AL,91725
595,Howard,53,Sesuger,KY,18191
596,Zachary,58,Wiziada,KY,52628
597,Mary,36,Roavda,ID,61605
598,Earl,49,Faptokjak,VT,45139
599,Herbert,34,Kuwofaane,WV,99445
600,Jayden,51,Nikvekwu,AK,38550
601,Harry,18,Secafzuh,FL,70951
602,Alvin,63,Nabhihguc,MT,41968
603,Cynthia,22,Hacfuuw,RI,80609
604,Michael,44,Zaugeij,CT,94374
605,Lilly,61,Pudbafos,CA,60451
606,Daisy,62,Fonuwdow,TX,40434
607,Sally,32,Gipidar,TX,22448
608,Cory,35,Vogakez,RI,75776
609,Emma,54,Kimuroj,ID,82750
610,Agnes,60,Teclubren,MN,98290
611,Dustin,25,Bisobmaj,GA,28041
612,Adeline,56,Zeijles,NV,00075
613,Ricky,65,Nezise,FL,18463
614,Hulda,54,Kekucju,VA,76593
615,Frederick,20,Dowepow,OH,33587
616,Minerva,57,Hokvudbew,WV,65626
617,Della,63,Kelibeme,MD,01578
618,Myrtle,31,Nitaheal,MD,17691
619,Raymond,56,Cigavjap,GA,45685
620,Glen,18,Vedataz,FL,32668
621,Jayden,46,Resuzu,UT,16377
622,Joshua,44,Welasu,IA,05733
623,Gary,48,Sukkocak,AK,67500
624,Vernon,63,Lazagle,KY,95051
625,Stephen,30,Batewse,NC,93595
626,Myrtle,18,Bilwuwit,TN,78926
627,Alan,23,Suzbebigu,CT,96836
628,Brian,27,Daforgu,AR,57657
629,Trevor,63,Lasarebo,PA,31244
630,Lilly,49,Subisa,WI,61036
631,Mike,30,Gikidho,WA,18066
632,Christopher,61,Ejejico,AR,61331
633,Patrick,48,Vicusub,DC,71844
634,Lilly,38,Tinufud,MN,30373
635,Georgie,61,Hakcucvol,RI,00733
636,Frances,65,Refubol,ND,98437
637,Leila,32,Timwisdi,IA,32219
638,Jose,25,Ufnuvkij,AR,96807
639,Claudia,62,Venleuw,KY,90807
640,Lillie,43,Aduzipseh,HI,30514
641,Ian,19,Utgibte,MS,58339
642,Callie,38,Zicusbo,IA,66591
643,Lula,55,Ediuguhus,NJ,47845
644,Emma,21,Uzecehzow,NM,43797
645,Myrtie,60,Koebila,NE,70093
646,Alice,20,Poguir,MS,11286
647,Kyle,39,Jamsoju,WV,58436
648,Eddie,37,Awcifip,MA,31299
649,Derek,20,Olsute,UT,43445
650,Alexander,61,Iknouza,DE,05031
651,Hettie,24,Belholcih,MT,63508
652,Helen,63,Ibrekik,TN,36215
653,George,18,Ahemagluf,CO,63295
654,Hester,35,Hijhawuh,NC,16334
655,Lily,39,Heafawub,OR,74285
656,Marie,62,Manafuk,NY,70498
657,Daniel,24,Hegboike,NM,59403
658,Minerva,20,Sichufba,VA,58108
659,Annie,25,Budtafsa,IN,43778
660,Leo,28,Rawkuvjug,NM,58146
661,Mary,41,Falwavku,VA,11298
662,Grace,29,Kisevped,TX,41762
663,Bettie,59,Kulumnas,MN,15764
664,Birdie,65,Zisoswim,PA,80578
665,Mamie,38,Japvojfa,LA,08375
666,Owen,28,Retesami,RI,92955
667,Loretta,37,Zepgepja,MA,49297
668,Jayden,55,Nufohe,DC,21221
669,Sylvia,65,Nosezu,PA,71009
670,George,60,Zutsiki,NM,43000
671,Marie,28,Ifainhow,WA,08038
672,Lenora,21,Idfuffal,AR,34429
673,Brandon,55,Noibibaf,UT,55909
674,Olivia,31,Nabonbaw,MT,21648
675,Sophie,41,Gupusi,KS,90699
676,Clifford,21,Kemfodu,SD,71197
677,Scott,42,Disogazo,DC,75563
678,Jeanette,50,Varamhif,WY,93433
679,Corey,63,Maozawum,VT,62250
680,Chris,34,Naldohti,MD,03900
681,Eugenia,30,Cimnojci,CT,03334
682,Amanda,53,Raruop,OH,74561
683,Bruce,56,Pucaozi,NH,13388
684,Mildred,56,Miwwuus,KS,92999
685,Lois,54,Huvlehbe,MO,53455
686,Mike,49,Abujidi,DC,50742
687,Thomas,32,Womalewel,MD,97844
688,Eula,47,Hodlorzo,MI,12234
689,Chris,24,Rezemal,AZ,86004
690,Verna,54,Sibcewar,WV,78326
691,Jane,60,Akoehta,LA,24697
692,Jeff,59,Hewaep,UT,83326
693,Cornelia,18,Sewiep,NE,07287
694,Vera,64,Vejeneze,AK,59461
695,Dorothy,48,Oluurca,NV,41211
696,Jimmy,55,Zigekol,TN,62717
697,Elva,21,Fufidober,SC,57891
698,Jose,60,Nebaom,DE,62073
699,Ruby,29,Rezitu,VT,80208
700,Mike,22,Rihgopej,IN,36781
701,Josephine,50,Dircaku,NC,27108
702,Harriett,24,Kusfejro,NM,79150
703,Effie,36,Kitefeg,RI,01194
704,Sara,63,Jefkovag,KS,88594
705,Beulah,55,Rudsopfi,WV,94611
706,Troy,23,Caoluit,MS,35487
707,Jeanette,38,Lekbacdem,ID,98712
708,Hilda,29,Kifmahav,UT,12094
709,Mike,39,Utugfur,DE,31728
710,Sarah,51,Kapvadkuj,MD,46846
711,Genevieve,51,Imojuac,WI,12186
712,William,21,Elegonwit,OK,83841
713,Jeff,20,Daicne,AK,28943
714,Paul,21,Wazowepo,PA,09615
715,Inez,65,Nifbajzad,AL,46088
716,Stephen,36,Gihehik,PA,89368
717,Keith,19,Hekozu,IL,88212
718,Polly,38,Asoafeju,LA,81394
719,David,44,Zieffeh,WY,45445
720,Nelle,43,Ubamaor,CA,62889
721,Lydia,47,Mawewe,WY,10885
722,Isaiah,27,Cebkipfu,AR,51246
723,Harriet,56,Gosbibri,FL,55427
724,Aaron,37,Rurjije,NE,07728
725,Nicholas,41,Sematape,CO,55258
726,Joe,53,Humakoju,VT,35493
727,Nannie,32,Ocperaju,MA,73036
728,Cody,32,Sunudiw,SD,79151
729,Adeline,35,Cudmogih,MN,82899
730,Victoria,26,Riwegele,IA,33487
731,Estelle,42,Bevati,KY,87344
732,Millie,22,Lamiwhip,NV,71463
733,Erik,59,Cizvemaw,MT,90327
734,Ola,26,Dezebeko,OR,45942
735,Leona,31,Ekejogo,CA,81328
736,Nell,19,Laduge,IA,09075
737,Luella,34,Onaujeno,LA,29448
738,Jerry,22,Biropog,OK,81237
739,Hulda,36,Vavzove,SD,35726
740,Lucille,54,Daribco,NY,33778
741,Harvey,52,Likemoto,LA,24506
742,Isabelle,21,Pawulma,KS,45298
743,Gabriel,58,Wotjevih,WY,18215
744,Charlotte,35,Vaheova,RI,79990
745,Bill,51,Fekivija,MI,97794
746,Albert,36,Ulizolbur,DE,68513
747,Isabella,31,Orodukeb,RI,93271
748,Garrett,60,Zihorat,TN,56396
749,Emilie,18,Lomiez,ND,24995
750,Inez,34,Ceromuh,ID,48004
751,Gene,44,Etogutus,MI,39356
752,Wesley,35,Salkozdun,MA,89834
753,Elijah,54,Panmosi,CO,83993
754,Cameron,29,Gozivjo,IN,04960
755,Jennie,52,Numajusa,ND,46376
756,Linnie,31,Ameuwiemi,TN,40482
757,Cecelia,61,Fabrarha,LA,30301
758,Winnie,59,Ujezelub,MS,51681
759,Marguerite,33,Juavpeh,SC,54671
760,Darrell,25,Behjutug,VT,32503
761,Charlotte,56,Notbogbip,OK,77305
762,Jay,42,Feivzik,GA,04138
763,Hallie,51,Huebadod,IN,69425
764,Catherine,29,Kejvurda,KY,13570
765,Emily,29,Adgaag,AR,99175
766,Mark,57,Tojacji,AL,60540
767,Hallie,24,Hedetni,CO,07049
768,Donald,61,Rororti,KY,29667
769,Stephen,30,Nomaki,PA,38546
770,Justin,55,Fidumhi,NV,93070
771,Charles,19,Novhifom,AZ,68260
772,Cora,42,Notulraj,NC,28940
773,Isabel,20,Patujopu,MI,01532
774,Lewis,34,Leducnef,NY,39260
775,Grace,54,Bommanul,TX,61050
776,Keith,47,Kekibeg,TN,50647
777,Hilda,44,Amrewcel,MS,63621
778,Winnie,60,Pamabza,OH,82208
779,Eunice,51,Gejewi,ND,32375
780,Connor,51,Jakomzul,MN,89232
781,Margaret,60,Mutnakal,HI,30631
782,Ricardo,50,Ibheci,NE,69605
783,Cameron,43,Orubuzez,VA,88303
784,Tillie,37,Ciwazti,AK,71020
785,Cory,22,Daluvhem,PA,14588
786,Jose,44,Zurzejhu,CT,26943
787,Jason,37,Izniwku,KY,43825
788,Theodore,64,Hitcoljob,FL,78151
789,Randy,60,Uporimdig,AK,65122
790,Shawn,62,Tapedpaw,RI,57000
791,Daniel,33,Vejtaal,MS,61736
792,Ernest,53,Zumgopuj,CA,79797
793,Shawn,50,Diweab,OR,76660
794,Kate,55,Tahlobep,KS,65257
795,Michael,63,Uceikja,NV,95776
796,Joel,19,Kazdazi,WY,00009
797,Olivia,60,Ertevkem,IA,79129
798,Lelia,37,Ugiveni,MA,28603
799,Elijah,26,Asoalda,AL,11769
800,Caroline,18,Vibico,OK,30478
801,Edna,46,Bomsijace,MI,87712
802,George,27,Tijehow,MN,34434
803,Victor,18,Ahatiam,CT,79124
804,Leo,39,Wakmefad,PA,30671
805,Hattie,49,Govdege,KS,65114
806,Kathryn,23,Ovciok,CO,51279
807,Isaiah,37,Urpapfod,ND,46437
808,Cynthia,61,Rilunhi,ID,78127
809,Nina,26,Fezcezu,FL,86785
810,Josephine,26,Ziobnu,CA,97942
811,Gerald,22,Jilula,DE,63329
812,Rosetta,48,Ropgana,TX,74067
813,John,42,Omteho,KS,79922
814,Vera,18,Gozgauz,CO,46222
815,Jason,34,Viwmorer,AR,82507
816,Dorothy,19,Olvulfi,DC,76478
817,Clifford,58,Sijkenu,NY,18948
818,Dylan,59,Gipalo,KS,56032
819,Lula,45,Kidbaiz,MA,74889
820,Helena,25,Divuzda,MN,73395
821,Melvin,55,Peviju,DE,90650
822,Emily,47,Owehtif,AK,02082
823,Lily,33,Cupotti,AK,32033
824,Joel,55,Ospuak,KS,20014
825,Verna,51,Kemukuzu,CO,95768
826,Betty,38,Vipolu,TN,18995
827,Miguel,51,Sahbovvi,TN,80954
828,Sophia,54,Coseki,KS,48020
829,Alma,19,Sitroalo,HI,29963
830,Kyle,36,Katohe,HI,10757
831,Todd,54,Libfepuf,AL,33374
832,Ricky,43,Elabaor,RI,67268
833,Bruce,33,Sagebi,AK,21755
834,Cordelia,36,Tafbohwa,NH,14176
835,Harry,65,Zadvafo,SD,07113
836,Leila,49,Dughuztu,OH,57623
837,Philip,62,Miekfi,ID,89247
838,Julia,64,Olemimuke,TN,22493
839,Jacob,48,Zinseuj,LA,39876
840,Aiden,30,Zaheajo,MS,21232
841,Katharine,64,Owenoso,NH,81851
842,Barry,63,Julzombit,PA,38563
843,Mary,35,Desnalpa,MI,63649
844,Mayme,46,Anipabfe,WI,50124
845,Bill,36,Gugkelu,WV,11185
846,Henrietta,40,Elcebobi,WV,88943
847,Maria,57,Kocedneh,MT,86839
848,Cecelia,62,Utdablod,NJ,68617
849,Gordon,57,Ilopubu,AR,00880
850,Howard,19,Huhkoser,NY,77041
851,Ethan,35,Neitomom,NV,37163
852,Charles,35,Titogita,MO,47350
853,Jesse,42,Noccobge,DC,91761
854,Scott,59,Mukobzo,ME,28926
855,Albert,36,Meminaj,MA,40742
856,Christian,29,Veniczu,OH,61700
857,Jeremy,23,Wueswip,MD,22836
858,Matthew,42,Kakocvi,CO,77733
859,Eugene,31,Nidizu,CT,22805
860,Tom,26,Zikuso,KY,03918
861,Sallie,32,Uvbucja,MI,17383
862,Jim,53,Itezaupo,MT,50208
863,Julia,47,Vibogra,CA,39032
864,Pearl,56,Lumedufuz,MA,21893
865,Hulda,27,Rohefpe,SC,86168
866,Manuel,24,Kenbawkob,UT,99477
867,Henry,48,Educuwu,IN,44624
868,Curtis,33,Numolnu,ND,83373
869,Hilda,53,Aczetgon,MA,38540
870,Clara,22,Mabzopme,CT,86258
871,Ophelia,50,Hehdadje,DE,82211
872,Carl,29,Fogecol,SD,88064
873,Jason,48,Etepuge,TN,37628
874,Isabel,54,Fiduhmol,MO,13992
875,Nettie,18,Uwefooti,IL,71826
876,Elijah,54,Piarahok,NH,06394
877,Eddie,48,Vemwaaj,CT,70530
878,Inez,50,Igainenar,NJ,05291
879,Jessie,18,Mesuwzun,WV,71253
880,Tony,23,Foujdu,OH,13212
881,Fred,42,Duvilesi,NY,38839
882,Tyler,33,Bavudeh,SD,25687
883,Jim,55,Boraij,ID,72195
884,Chris,42,Fuagvez,VA,15113
885,Lucas,41,Ohdigul,MT,77436
886,Ola,42,Cebditug,MA,84997
887,May,31,Cinnujgu,OR,32388
888,Johanna,20,Moigima,DE,95088
889,Augusta,61,Fokabeki,DE,85242
890,Clayton,26,Riloif,MT,35352
891,Harriett,34,Uforuvez,DC,30228
892,Gary,48,Sotfeawu,OH,92627
893,Clarence,62,Zelhiate,NM,88618
894,Ruth,59,Zicijzek,TX,73484
895,Lawrence,33,Tasuihi,MO,74334
896,Hettie,44,Tafoiwe,CO,67602
897,Dorothy,42,Pianno,NY,75718
898,Leo,21,Fohive,NC,48863
899,Lucille,54,Ezefapunu,CO,11981
900,Douglas,49,Zepdeboj,PA,73069
901,Vera,24,Ziravkow,RI,31267
902,Nathaniel,55,Jivjejuf,OK,21411
903,Blake,59,Ulivuzu,OR,03860
904,Olivia,26,Uprotu,WY,57571
905,Ruth,33,Ukicorje,NC,63443
906,Polly,30,Zenavi,VA,92698
907,Bernice,31,Baojfob,WA,14380
908,Logan,50,Kotipil,OH,09910
909,Melvin,58,Zeggoiru,WA,00510
910,Randy,65,Hudiwi,AR,80521
911,Adrian,39,Mojilu,RI,31465
912,Maurice,62,Bizmede,MI,78449
913,Andrew,34,Erviro,NM,76855
914,Paul,25,Nifaliz,OK,34788
915,Marie,34,Zizofeuhu,SC,27545
916,Maria,27,Segaku,MD,20826
917,Daniel,56,Urhaur,NV,82510
918,Luke,63,Ukfoco,AR,12546
919,Alex,53,Wonpulij,MS,37609
920,Steve,40,Jolwougo,VT,18463
921,Clifford,60,Mapowoh,AR,68470
922,Leila,35,Fefadve,IA,50511
923,Ralph,41,Tujado,CT,11218
924,Celia,51,Uhruud,ME,66201
925,Cole,49,Pizmetcu,ME,81423
926,Mable,36,Zirebob,IL,21333
927,Amanda,62,Cefjapone,MS,17760
928,Herbert,53,Ulezajze,UT,91820
929,Todd,63,Wokwolnac,NH,28680
930,Mollie,39,Jinzezib,NM,77108
931,Dean,35,Unaohufu,GA,30070
932,Duane,53,Zovubvaz,TX,52422
933,Etta,62,Cuovizo,UT,09068
934,Nathan,40,Urijruk,OK,55635
935,Anne,54,Cobuoh,MI,02797
936,Thomas,60,Zugwende,WA,31096
937,Willie,35,Ukihefku,KY,01139
938,Jordan,22,Nicesur,UT,80673
939,Danny,29,Sutiha,AL,18597
940,Amy,31,Odozhud,NY,21182
941,Rose,60,Witosog,CO,45550
942,Isabel,53,Izgudwim,MD,20155
943,Lewis,29,Etnoten,CO,23834
944,Winnie,37,Vadbioza,SC,10514
945,Eddie,50,Hehnuzi,HI,31902
946,Alice,37,Fulsijo,NJ,28650
947,Edna,36,Inlipa,ID,82072
948,Georgie,37,Atefcaw,TX,04771
949,Ricky,30,Fegzuguh,DC,29662
950,Charlie,52,Inabewow,KY,08641
951,Danny,18,Vadacon,NV,51249
952,Peter,23,Pizsibzu,AZ,55589
953,Fred,44,Ulihufeha,TN,28481
954,Glenn,61,Pajitev,DC,87743
955,Connor,27,Urcidmek,NC,53457
956,Logan,22,Ceehef,VT,21419
957,Nell,53,Nuzpimju,NC,79871
958,Ina,55,Farepti,SC,39001
959,Evan,47,Gokapanim,PA,46939
960,Marguerite,18,Wuiwtuc,OH,28634
961,Ella,31,Junlomum,MT,78783
962,Luella,22,Jocmobat,OR,78330
963,Stella,28,Johekmu,CO,05120
964,Bryan,56,Gesoved,NJ,46287
965,Margaret,55,Mitaeve,ME,43251
966,Craig,48,Adewabal,RI,95467
967,Alan,39,Jemdamum,HI,27009
968,Kyle,58,Fitohze,PA,51571
969,Leo,34,Mevizin,IL,27920
970,Emma,20,Punlugle,FL,37793
971,Helena,33,Tofuthuj,CA,04084
972,Mario,28,Sagavnec,VT,22850
973,Helena,33,Amohotij,AZ,42681
974,Robert,27,Bucjuima,OR,86431
975,Nancy,32,Jufaedi,AL,01479
976,Blanche,42,Asesola,CT,33634
977,Craig,40,Kelrawbil,OH,61673
978,Isabella,44,Adlabut,MI,69346
979,Travis,47,Alloged,TN,19164
980,Isaac,49,Siclezdar,ME,65358
981,Virginia,65,Dahuwset,HI,22874
982,Willie,63,Muvivujiv,MN,95625
983,Victor,34,Niawte,WY,48737
984,Janie,21,Zioluwal,NM,54649
985,Bess,59,Huwbumtu,CT,56741
986,Catherine,58,Majahor,DE,88515
987,Fanny,51,Mamezke,AZ,00714
988,Jackson,23,Sehuroba,IN,37876
989,Fanny,29,Upabeba,NY,14180
990,Herman,57,Sicomud,NC,85696
991,Jackson,63,Isagofto,DC,05547
992,Hattie,49,Dijefu,WA,47941
993,Thomas,19,Kusatoc,TN,04963
994,Lydia,24,Cuapeber,AZ,17711
995,David,40,Gizowuzi,SD,48929
996,Jimmy,23,Huzbegwew,KY,57311
997,Adele,62,Dunzujupo,MD,63177
998,Jason,48,Mujefwoh,DC,97481
999,Nettie,29,Vugindo,AL,50711
1000,Mina,18,Gawazhu,CO,04295
